-- nmj_member (매장 회원)
INSERT INTO nmj_member
	(mb_uid, mb_id, mb_pw, mb_name, mb_tel, mb_img_org, mb_img_sav, mb_email, mb_type)
VALUES
(1,	"gomeilab",	"1234",	"고메이",	"010-1234-1234",	"",	"",	"gomeilab@gmail.com",	2                                         ),
(2,	"3popyeoksam",	"1234",	"쓰리팝역삼",	"010-1234-2234",	"",	"",	"3popyeoksam@gmail.com",	2                             ),
(3,	"irispc",	"1234",	"아이리스",	"010-1234-3234",	"",	"",	"irispc@gmail.com",	2                                             ),
(4,	"gameinners",	"1234",	"이너스",	"010-1234-4234",	"",	"",	"gameinners@gmail.com",	2                                     ),
(5,	"3popgangnam",	"1234",	"쓰리팝강남",	"010-1234-5234",	"",	"",	"3popgangnam@gmail.com",	2                             ),
(6,	"peakpc",	"1234",	"픽",	"010-1234-6234",	"",	"",	"peakpc@gmail.com",	2                                                 ),
(7,	"lioncitypc",	"1234",	"라이온",	"010-1234-7234",	"",	"",	"lioncitypc@gmail.com",	2                                     ),
(8,	"ozpc",	"1234",	"오즈",	"010-1234-8234",	"",	"",	"ozpc@gmail.com",	2                                                     ),
(9,	"wdgpc",	"1234",	"wdg",	"010-1234-9234",	"",	"",	"wdgpc@gmail.com",	2                                                 ),
(10,	"chinchinpc",	"1234",	"친친",	"010-1234-0123",	"",	"",	"chinchinpc@gmail.com",	2                                     ),
(11,	"angcol",	"1234",	"앵콜",	"02-563-3374",	"",	"",	"angcol@gmail.com",	2                                                 ),
(12,	"mee",	"1234",	"미",	"010-0000-0001",	"",	"",	"mee@gmail.com",	2                                                 ),
(13,	"singsing",	"1234",	"싱싱",	"010-0000-0002",	"",	"",	"singsing@gmail.com",	2                                         ),
(14,	"superstar",	"1234",	"슈퍼스타",	"02-538-2153",	"",	"",	"superstar@gmail.com",	2                                     ),
(15,	"hama",	"1234",	"악쓰는하마",	"0507-1419-2234",	"",	"",	"hama@gmail.com",	2                                         ),
(16,	"iam33",	"1234",	"삼삼",	"0507-1383-4008",	"",	"",	"iam33@gmail.com",	2                                             ),
(17,	"ultra",	"1234",	"울트라모던",	"02-826-3459",	"",	"",	"ultra@gmail.com",	2                                         ),
(18,	"cocoon",	"1234",	"코쿤",	"02-826-6686",	"",	"",	"cocoon@gmail.com",	2                                                 ),
(19,	"corus",	"1234",	"코러스",	"02-811-0083",	"",	"",	"corus@gmail.com",	2                                             ),
(20,	"k2",	"1234",	"k2",	"02-595-3721",	"",	"",	"k2@gmail.com",	2                                                         ),
(21,	"lineballing_gangnam",	"1234",	"라인볼링센터",	"010-4006-8482",	"",	"",	"lineballingGangnam@gmail.com",	2             ),
(22,	"smashing_gangnam",	"1234",	"스매싱볼",	"010-4006-8483",	"",	"",	"smashingGangnam@gmail.com",	2                     ),
(23,	"star24_gangnam",	"1234",	"스타24시볼링장",	"010-4006-8484",	"",	"",	"star24Gangnam@gmail.com",	2                 ),
(24,	"carrierballing_gangnam",	"1234",	"캐리어볼링장",	"010-4006-8485",	"",	"",	"carrierballingGangnam@gmail.com",	2     ),
(25,	"blackbilliard_gangnam",	"1234",	"블랙당구장",	"010-4006-8486",	"",	"",	"blackbilliardGangnam@gmail.com",	2     ),
(26,	"mvlbilliard_gangnam",	"1234",	"MVL당구장",	"010-4006-8487",	"",	"",	"mvlbilliardGangnam@gmail.com",	2             ),
(27,	"q3billiard_gangnam",	"1234",	"큐쓰리당구장",	"010-4006-8488",	"",	"",	"q3billiardGangnam@gmail.com",	2             ),
(28,	"goldenball_gangnam",	"1234",	"골든볼당구장",	"010-4006-8489",	"",	"",	"goldenballGangnam@gmail.com",	2             ),
(29,	"hyunbilliard_gangnam",	"1234",	"현당구클럽",	"010-4006-8490",	"",	"",	"hyunbilliardGangnam@gmail.com",	2         ),
(30,	"gnbilliard_gangnam",	"1234",	"강남당구장",	"010-4006-8491",	"",	"",	"gnbilliardGangnam@gmail.com",	2             ),
(31,	"anak",	"1234",	"아낙역삼점",	"010-1004-1100",	"",	"",	"anak@gmail.com",	2                                         ),
(32,	"arine",	"1234",	"아리네술상",	"010-1004-1200",	"",	"",	"arine@gmail.com",	2                                     ),
(33,	"marilin",	"1234",	"마릴린몰트바",	"010-1004-1300",	"",	"",	"marilin@gmail.com",	2                                 ),
(34,	"looptop",	"1234",	"루프탑 클라우드",	"010-1004-1400",	"",	"",	"looptop@gmail.com",	2                             ),
(35,	"waba",	"1234",	"와바 역삼1호점",	"010-1004-1500",	"",	"",	"waba@gmail.com",	2                                     ),
(36,	"hyundaegisa",	"1234",	"현대기사식당",	"010-1004-1600",	"",	"",	"hyundaegisa@gmail.com",	2                         ),
(37,	"parkluan",	"1234",	"파크루안 역삼점",	"010-1004-1700",	"",	"",	"parkluan@gmail.com",	2                             ),
(38,	"bookaue",	"1234",	"역삼동북어집",	"010-1004-1800",	"",	"",	"bookaue@gmail.com",	2                                 ),
(39,	"starbun",	"1234",	"스터번",	"010-1004-1900",	"",	"",	"starbun@gmail.com",	2                                     ),
(40,	"seasonmigak",	"1234",	"계절미각",	"010-1004-2000",	"",	"",	"seasonmigak@gmail.com",	2                             ),
(41,	"mercure",	"1234",	"머큐어서울앰배서더 강남쏘도베",	"010-2050-6000",	"",	"",	"mercure@gmail.com",	2             ),
(42,	"benica",	"1234",	"베니키아 노블레스호텔",	"010-1558-1202",	"",	"",	"benica@gmail.com",	2                         ),
(43,	"starhotel",	"1234",	"스타호텔",	"010-8561-9442",	"",	"",	"starhotel@gmail.com",	2                                 ),
(44,	"staygang",	"1234",	"스테이호텔강남",	"010-5628-6200",	"",	"",	"staygang@gmail.com",	2                             ),
(45,	"haruguest",	"1234",	"하루게스트하우스",	"010-4423-5800",	"",	"",	"haruguest@gmail.com",	2                         ),
(46,	"artistyeok",	"1234",	"Hotel The Artist Yeoksam",	"010-2552-3950",	"",	"",	"artistyeok@gmail.com",	2                 ),
(47,	"adriga",	"1234",	"호텔아드리게",	"010-8552-9711",	"",	"",	"adriga@gmail.com",	2                                     ),
(48,	"anahotel",	"1234",	"A-NA Hotel", 	"010-5208-8366",	"",	"",	"anahote@gmail.coml",	2                                 ),
(49,	"soulhotel",	"1234",	"호텔소울하다",	"010-3288-1100",	"",	"",	"soulhotel@gmail.com",	2                             ),
(50,	"havenue",	"1234",	"에이치에비뉴 호텔 역삼",	"010-9508-6247",	"",	"",	"havenue@gmail.com",	2                     )
	;

-- nmj_storedtype 매장 상세 종류
insert into 
	nmj_storedtype 
	(	store_dtype,	store_type,	store_dname	)
values
	(	1,	1,	"pc방"	),
	(	2,	1,	"노래방"	),
	(	3,	1,	"당구장"	),
	(	4,	1,	"볼링장"	),
	(	5,	1,	"영화관"	),
	(	6,	2,	"한식"	),
	(	7,	2,	"중식"	),
	(	8,	2,	"양식"	),
	(	9,	2,	"일식"	),
	(	10,	2,	"분식"	),
	(	11,	3,	"모텔"	),
	(	12,	3,	"호텔"	),
	(	13,	3,	"리조트/콘도"	),
	(	14,	3,	"펜션/풀빌라"	),
	(	15,	3,	"게스트하우스"	),
	(	16,	2,	"술집"	);
	
-- nmj_store (매장 회원)
INSERT INTO nmj_store
	(store_uid,	
	mb_uid,	
	store_name,	
	store_address,	
	store_tel,	
	store_hours,
	store_content,
	store_img_org,
	store_img_sav,
	store_regNum,	
	store_regImg_org,	
	store_regImg_sav,	
	store_lat,	
	store_long,	
	store_type,	
	store_dtype,	
	store_ratings,	
	store_rateCount)
VALUES
(	1,	1,	"고메이랩",	"서울 강남구 논현로94길 30 2층",	"02-556-1273",	"00:00~24:00",	"오픈 1주년 기념 감사 할인 이벤트 1+1 이벤트를 진행 합니다.",	"gomeilab.png",	"gomeilab.png",	"123-12-12345",	"1231212345.png",	"1231212345.png",	37.50299,	127.038853,	1,	1,	1400,	320	),
(	2,	2,	"3POP PC CAFE 역삼점",	"서울 강남구 테헤란로20길 20 삼정빌딩 지하2층",	"02-9766-4716",	"00:00~24:00",	"",	"3poppc.png",	"3poppc.png",	"123-12-22345",	"1231222345.png",	"1231222345.png",	37.498522,	127.034539,	1,	1,	900,	214	),
(	3,	3,	"아이리스 PC",	"서울 강남구 테헤란로8길 21",	"010-2015-2434",	"00:00~24:00",	"대한민국 최고의 아이리스PC방 강남점 입니다.",	"irispc.png",	"irispc.png",	"123-12-32345",	"1231232345.png",	"1231232345.png",	37.497716,	127.031957,	1,	1,	400,	144	),
(	4,	4,	"게임이너스 이스포츠점",	"서울 강남구 역삼동 826-21",	"02-567-3273",	"00:00~24:00",	"대회를 위한 선수실과 방송실까지 GTX 1080ti / i7 8700k / 메모리 32G 최강 스팩!!!",	"gameinners.png",	"gameinners.png",	"123-12-42345",	"1231242345.png",	"1231242345.png",	37.496839,	127.028956,	1,	1,	1400,	420	),
(	5,	5,	"3POP 강남점",	"서울 강남구 테헤란로 107",	"070-4755-8855",	"00:00~24:00",	"",	"3popgangnam.jpeg",	"3popgangnam.jpeg",	"123-12-52345",	"1231252345.png",	"1231252345.png",	37.498839,	127.028613,	1,	1,	1400,	2345	),
(	6,	6,	"PeaK PC방 역삼",	"서울 강남구 언주로85길 23-6 지하1층",	"02-554-4445",	"00:00~24:00",	"피크피씨방은 초등학생, 중학생의 입장이 불가합니다. 이용에 참고 부탁드립니다. ",	"peakyeoksam.jpeg",	"peakyeoksam.jpeg",	"123-12-62345",	"1231262345.png",	"1231262345.png",	37.500642,	127.041467,	1,	1,	1400,	543	),
(	7,	7,	"라이온시티 PC방",	"서울 강남구 테헤란로4길 35",	"070-4722-9966",	"00:00~24:00",	"",	"",	"",	"123-12-72345",	"1231272345.png",	"1231272345.png",	37.496378,	127.030675,	1,	1,	1400,	434	),
(	8,	8,	"오즈PC방 강남역점",	"서울 강남구 강남대로94길 10 케이스퀘어강남 지하2층",	"010-4866-5568",	"00:00~24:00",	"@PC이용요금, 식사 및 먹거리 모두 카드결제 가능합니다.",	"oz.jpeg",	"oz.jpeg",	"123-12-82345",	"1231282345.png",	"1231282345.png",	37.4994,	127.028251,	1,	1,	500,	431	),
(	9,	9,	"WDG PC방",	"서울 강남구 봉은사로1길 4 뷰성형외과빌딩 B2",	"070-8848-4070",	"00:00~24:00",	"게임을 잘하면 무료로 게임을 할 수 있다? - WDG PC방 만의 특별한 티어 요금제 - 각 티어별 1,000원 당 플레티넘 150분 / 골드 120분 / 실버 100분 / 브론즈 80분 이용가능!",	"wdgpc.jpeg",	"wdgpc.jpeg",	"123-12-92345",	"1231292345.png",	"1231292345.png",	37.505264,	127.025417,	1,	1,	500,	321	),
(	10,	10,	"친친 PC",	"서울 강남구 학동로20길 39",	"02-541-0403",	"00:00~24:00",	"배그 최적화, 오버워치 전용석",	"",	"",	"123-13-12345",	"1231312345.png",	"1231312345.png",	37.510985,	127.027831,	1,	1,	500,	387	),
(	11,	11,	"앵콜노래연습장",	"서울 강남구 테헤란로25길 9",	"02-563-3374",	"18:00~05:00",	"앵콜하세요~",	"angcol.jpg",	"angcol.jpg",	"123-12-23456",	"1231223456.png",	"1231223456.png",	37.501316,	127.034954,	1,	2,	99,	30	),
(	12,	12,	"미노래방",	"서울 강남구 테헤란로21길 8",	"010-0000-0001",	"18:00~05:00",	"아름다울 미 노래방",	"mee.jpg",	"mee.jpg",	"123-12-23457",	"1231223457.png",	"1231223457.png",	37.50082,	127.034578,	1,	2,	99,	40	),
(	13,	13,	"싱싱노래연습장",	"서울 강남구 강남대로94길 88",	"010-0000-0002",	"18:00~05:00",	"중독성 있는 싱싱노래방",	"",	"",	"123-12-23458",	"1231223458.png",	"1231223458.png",	37.500765,	127.034262,	1,	2,	99,	50	),
(	14,	14,	"슈퍼스타코인노래방",	"서울 강남구 테헤란로1길 28",	"02-538-2153",	"11:00~02:00",	"슈퍼스타",	"superstar.jpg",	"superstar.jpg",	"123-12-23459",	"1231223459.png",	"1231223459.png",	37.500343,	127.0276,	1,	2,	99,	60	),
(	15,	15,	"악쓰는하마코인노래방",	"서울 강남구 테헤란로1길 40",	"0507-1419-2234",	"11:00~05:00",	"악쓰는하마",	"hama.jpg",	"hama.jpg",	"123-12-23460",	"1231223460.png",	"1231223460.png",	37.501127,	127.02726,	1,	2,	150,	70	),
(	16,	16,	"삼삼코인노래방",	"서울 강남구 강남대로 428 지하 2층",	"0507-1383-4008",	"11:00~05:00",	"33할 때 오세용",	"33.jpg",	"33.jpg",	"123-12-23461",	"1231223461.png",	"1231223461.png",	37.501041,	127.026817,	1,	2,	150,	80	),
(	17,	17,	"울트라모던노래방",	"서울 동작구 흑석로 81-5",	"02-826-3459",	"00:00~00:00",	"울트라모던 노래방",	"ultra.jpg",	"ultra.jpg",	"123-12-23462",	"1231223462.png",	"1231223462.png",	37.507411,	126.958537,	1,	2,	200,	90	),
(	18,	18,	"코쿤노래연습장",	"서울 동작구 흑석로 13마길 65-3 지하",	"02-826-6686",	"00:00~00:00",	"코쿤 노래방",	"cocoon.jpg",	"cocoon.jpg",	"123-12-23463",	"1231223463.png",	"1231223463.png",	37.50767,	126.959063,	1,	2,	200,	80	),
(	19,	19,	"코러스노래연습장",	"서울 동작구 흑석로13가길 42",	"02-811-0083",	"00:00~00:00",	"코러스 노래방",	"",	"",	"123-12-23464",	"1231223464.png",	"1231223464.png",	37.507748,	126.959509,	1,	2,	180,	70	),
(	20,	20,	"k2노래연습장",	"서울 동작구 흑석로 94 3층",	"02-595-3721",	"00:00~00:00",	"k2노래방",	"k2.jpg",	"k2.jpg",	"123-12-23465",	"1231223465.png",	"1231223465.png",	37.507458,	126.959867,	1,	2,	150,	60	),
(	21,	21,	"라인볼링센터",	"서울특별시 강남구 역삼동 강남대로 308",	"02-555-4199",	"11:00~06:00",	"라인에서 볼링시작!",	"lineBalling.jpg",	"lineBalling.jpg",	"123-12-45675",	"1231245675.png",	"1231245675.png",	37.498365,	127.032827,	1,	4,	300,	89	),
(	22,	22,	"스매싱볼",	"서울특별시 강남구 강남대로 468 지하2층",	"02-556-2231",	"00:00~00:00",	"스매싱~ 스트라이크~!",	"smashingBalling.jpg",	"smashingBalling.jpg",	"123-12-45676",	"1231245676.png",	"1231245676.png",	37.504285,	127.025124,	1,	4,	50,	11	),
(	23,	23,	"스타24시볼링장",	"서울특별시 강남구 역삼동 강남대로 468",	"02-512-1797",	"00:00~00:00",	"24시간 볼링칠 수 있는 스타볼링장입니다.",	"starBalling.jpg",	"starBalling.jpg",	"123-12-45677",	"1231245677.png",	"1231245677.png",	37.510987,	127.031627,	1,	4,	990,	200	),
(	24,	24,	"캐리어볼링장",	"서울특별시 서초구 서초동 남부순환로 2567",	"02-3474-1010",	"11:00~06:00",	"음료제공하는 캐리어볼링장입니다.",	"carrierBalling.jpg",	"carrierBalling.jpg",	"123-12-45678",	"1231245678.png",	"1231245678.png",	37.484722,	127.031391,	1,	4,	400,	194	),
(	25,	25,	"블랙당구장",	"서울특별시 강남구 역삼1동 798-29",	"02-566-8208",	"14:00~05:00",	"3구 4구 포켓볼 시설 완비",	"blackBilliard.jpg",	"blackBilliard.jpg",	"123-12-45679",	"1231245679.png",	"1231245679.png",	37.492602,	127.039309,	1,	3,	50,	14	),
(	26,	26,	"MVL당구장",	"서울특별시 강남구 언주로85길 7 (역삼동) 서원빌딩 B1",	"02-558-3949",	"14:00~05:00",	"음료, 와이파이 무료제공",	"bravoBilliard.jpeg",	"bravoBilliard.jpeg",	"123-12-45670",	"1231245670.png",	"1231245670.png",	37.501207,	127.042655,	1,	3,	50,	27	),
(	27,	27,	"큐쓰리당구장",	"서울 강남구 역삼동 702-16 3층 큐쓰리당구장",	"02-553-9275",	"10:30~00:00",	"조용한 친절한 큐쓰리당구장입니다.",	"q3Billiard.jpg",	"q3Billiard.jpg",	"123-12-45671",	"1231245671.png",	"1231245671.png",	37.504396,	127.045445,	1,	3,	50,	12	),
(	28,	28,	"골든볼당구장",	"서울 강남구 역삼동 735-34",	"02-568-8006",	"14:00~05:00",	"TV34인치, 벽걸이",	"goldenballBilliard.jpg",	"goldenballBilliard.jpg",	"123-12-45672",	"1231245672.png",	"1231245672.png",	37.498898,	127.034244,	1,	3,	17,	4	),
(	29,	29,	"현당구클럽",	"서울 강남구 역삼동 823-4",	"02-554-4701",	"11:00~05:00",	"운영은 제가 오픈부터 22:00까지 근무이며, 야간실장님이 야간부터 새벽까지 마감을 책임지실겁니다.",	"hyunBilliard.jpeg",	"hyunBilliard.jpeg",	"123-12-45673",	"1231245673.png",	"1231245673.png",	37.498706,	127.031433,	1,	3,	14,	3	),
(	30,	30,	"강남당구장",	"서울특별시 강남구 역삼동 테헤란로10길 21",	"010-2229-2371",	"10:30~02:00",	"큣대관리를 잘하고 발레파킹 가능한 강남당구장입니다.",	"gangnamBilliard.jpg",	"gangnamBilliard.jpg",	"123-12-45674",	"1231245674.png",	"1231245674.png",	37.498365,	127.032827,	1,	3,	4,	1	),
(	31,	31,	"아낙역삼점",	"서울특별시 강남구 역삼동 테헤란로27길 27",	"02-567-0567",	"17:00~2:00",	"",	"anak.jpg",	"anak.jpg",	"456-12-12340",	"",	"",	37.503341,	127.0374,	2,	16,	500,	154	),
(	32,	32,	"아리네술상",	"서울특별시 강남구 역삼동 논현로94길 11",	"02-501-9297",	"11:00~3:00",	"",	"arine.jgp",	"arine.jgp",	"456-12-12341",	"",	"",	37.502677,	127.037195,	2,	16,	200,	59	),
(	33,	33,	"마릴린몰트바",	"서울특별시 강남구 역삼동 667-16번지 하동 2층",	"02-6207-0460",	"17:00~2:00",	"",	"marilin.JPG",	"marilin.JPG",	"456-12-12342",	"",	"",	37.503889,	127.035829,	2,	16,	29,	6	),
(	34,	34,	"루프탑 클라우드",	"서울특별시 강남구 역삼동 테헤란로25길 10",	"02-2050-6035",	"18:00~1:00",	"",	"looptop.jpg",	"looptop.jpg",	"456-12-12343",	"",	"",	37.50145,	127.035474,	2,	16,	400,	189	),
(	35,	35,	"와바 역삼1호점",	"서울특별시 강남구 역삼동 644-3",	"02-561-3023",	"18:00~1:00",	"",	"waba.jpg",	"waba.jpg",	"456-12-12344",	"",	"",	37.501297,	127.034036,	2,	16,	4,	1	),
(	36,	36,	"현대기사식당",	"서울특별시 강남구 역삼동 논현로85길 5-5",	"02-3453-6532",	"9:00~21:30",	"",	"hyundaegisa.jpg",	"hyundaegisa.jpg",	"456-12-12345",	"",	"",	37.498844,	127.036794,	2,	6,	1000,	388	),
(	37,	37,	"파크루안 역삼점",	"서울특별시 강남구 역삼동 논현로 430",	"02-562-5565",	"11:30~10:00",	"",	"parkluan.JPG",	"parkluan.JPG",	"456-12-12346",	"",	"",	37.499244,	127.038403,	2,	7,	1000,	450	),
(	38,	38,	"역삼동북어집",	"서울특별시 강남구 역삼동 논현로85길 5-14",	"02-558-6605",	"7:00~21:00",	"",	"bookaue.jpg",	"bookaue.jpg",	"456-12-12347",	"",	"",	37.498742,	127.036686,	2,	6,	1500,	362	),
(	39,	39,	"스터번",	"서울특별시 강남구 647-2 B1",	"070-8828-8100",	"11:30~22:00",	"",	"starbun.jpg",	"starbun.jpg",	"456-12-12348",	"",	"",	37.500842,	127.032862,	2,	8,	300,	172	),
(	40,	40,	"계절미각",	"서울특별시 강남구 역삼동 637-18",	"070-8883-1586",	"11:30~1:00",	"",	"seasonmigak.jpg",	"seasonmigak.jpg",	"456-12-12349",	"",	"",	37.501089,	127.032315,	2,	16,	300,	100	),
(	41,	41,	"머큐어서울앰배서더 강남쏘도베",	"서울특별시 강남구 테헤란로25길 10",	"02-2050-6000",	"00:00~24:00",	"2012년 3월 개관한 세계적인 호텔 체인인 Accor 의 첫번째 머큐어 브랜드 진출호텔",	"MercureAmbassadorGangnam.jpeg",	"MercureAmbassadorGangnam.jpeg",	"123-12-79800",	"",	"",	37.501444,	127.035411,	3,	12,	7000,	1503	),
(	42,	42,	"베니키아 노블레스호텔",	"서울특별시 강남구 테헤란로25길 6-13",	"02-558-1202",	"00:00~24:00",	"합리적인 가격으로 편안한 쉼터를 제공하는 한국형 비즈니스호텔급 체인브랜드",	"BenikeaHotel.jpeg",	"BenikeaHotel.jpeg",	"123-12-79900",	"",	"",	37.501378,	127.035773,	3,	12,	444,	111	),
(	43,	43,	"스타호텔",	"서울특별시 강남구 논현로87길 17",	"02-561-9442",	"00:00~24:00",	"",	"",	"",	"123-98-12932",	"",	"",	37.499508,	127.035424,	3,	12,	455,	159	),
(	44,	44,	"스테이호텔강남",	"서울특별시 강남구 논현로87길 15-4",	"02-568-6200",	"00:00~24:00",	"#3성급호텔 #관광호텔 #어메니티제공 #패밀리룸 #호캉스",	"stayhotel.jpeg",	"stayhotel.jpeg",	"128-12-22041",	"",	"",	37.499543,	127.035231,	3,	12,	600,	191	),
(	45,	45,	"하루게스트하우스",	"서울특별시 강남구 테헤란로21길 14 301호",	"02-443-5800",	"00:00~24:00",	"",	"",	"",	"178-11-12042",	"",	"",	37.501183,	127.03452,	3,	15,	0,	0	),
(	46,	46,	"Hotel The Artist Yeoksam",	"서울특별시 강남구 역삼동 678-13",	"02-552-3950",	"00:00~24:00",	"빵빵한 와이파이, 온수 욕조",	"",	"",	"142-13-52921",	"",	"",	37.502345,	127.038448,	3,	11,	90,	27	),
(	47,	47,	"호텔아드리게",	"서울특별시 강남구 테헤란로28길 3-6",	"02-552-9711",	"00:00~24:00",	"",	"",	"",	"182-19-33021",	"",	"",	37.500847,	127.039118,	3,	12,	150,	38	),
(	48,	48,	"A-NA Hotel", 	"서울특별시 강남구 역삼동 719-12",	"02-508-8366",	"00:00~24:00",	"화려한 나이트클럽, 다양한 식당, 오래된 불교 사원이 있는 트렌디하고 고급스러운 지역",	"",	"",	"182-31-45841",	"",	"",	37.501165,	127.040504,	3,	12,	340,	84	),
(	49,	49,	"호텔소울하다",	"서울특별시 강남구 역삼동 테헤란로10길 5",	"02-3288-1100",	"00:00~24:00",	"대중교통 근처에 위치, 위치가 좋음",	"",	"",	"128-02-12346",	"",	"",	37.498791,	127.032509,	3,	12,	600,	134	),
(	50,	50,	"에이치에비뉴 호텔 역삼",	"서울특별시 강남구 역삼동 테헤란로29길 12",	"02-508-6247",	"00:00~24:00",	"수영장, 바가 있음",	"",	"",	"192-09-89374",	"",	"",	37.502430,	127.038697,	3,	12,	800,	182	)
;

-- nmj_member (일반 회원)
insert into nmj_member 
(	mb_uid,	mb_id,	mb_pw,	mb_name,	mb_tel,	mb_img_org,	mb_img_sav,	mb_email,	mb_type	)
values
(	51,	"b2nyb2st",	"1234",	"권연주",	"010-1234-5678",	"",	"",	"b2nyb2st@naver.com",	1	),
(	52,	"qwerty12345",	"1234",	"양혜정",	"010-9876-5432",	"",	"",	"qwerty12345@naver.com",	1	),
(	53,	"wkrud94",	"1234",	"이새힘",	"010-4006-8482",	"",	"",	"wkrud94@hanmail.net",	1	),
(	54,	"samlee8482",	"1234",	"이새봄",	"010-9725-8482",	"",	"",	"samlee8482@gmail.com",	1	),
(	55,	"kpmyung",	"1234",	"명기범",	"010-1004-0707",	"",	"",	"kpmyung@naver.com",	1	),
(	56,	"gibeom",	"1234",	"범기명",	"010-5858-7942",	"",	"",	"kpmyung@gmail.com",	1	),
(	57,	"money7a7",	"1234",	"최현진",	"010-6663-8557",	"",	"",	"money7a7@gmail.com",	1	),
(	58,	"yorr330",	"1234",	"이다솜",	"010-5590-2525",	"",	"",	"yorr330@gmail.com",	1	),
(	59,	"minji99",	"1234",	"김민지",	"010-9068-1004",	"",	"",	"minji99@naver.com",	1	),
(	60,	"jia1999",	"1234",	"백지아",	"010-5842-7942",	"",	"",	"jia1999@naver.com",	1	);

-- nmj_food (음식 테이블)
insert into nmj_food 
	(	food_uid,	store_uid,	food_img_org,	food_img_sav,	food_price,	food_name	)
values
	(	1,	1,	"",	"",	1500,	"아이스티"	),
	(	2,	1,	"",	"",	2000,	"아이스커피"	),
	(	3,	1,	"",	"",	1500,	"녹차"	),
	(	4,	1,	"",	"",	1000,	"콜라"	),
	(	5,	1,	"",	"",	1000,	"사이다"	),
	(	6,	1,	"",	"",	1000,	"환타"	),
	(	7,	1,	"",	"",	2500,	"라면"	),
	(	8,	1,	"",	"",	3500,	"김치볶음밥"	),
	(	9,	1,	"",	"",	2200,	"생과일쥬스"	),
	(	10,	1,	"",	"",	500,	"계랸"	),
	(	11,	1,	"",	"",	500,	"치즈"	),
	(	12,	1,	"",	"",	3000,	"떡볶이"	),
	(	13,	1,	"",	"",	2000,	"기본 핫도그"	),
	(	14,	1,	"",	"",	2500,	"치즈 핫도그"	),
	(	15,	1,	"",	"",	2500,	"매콤 핫도그"	),
	(	16,	1,	"",	"",	3500,	"치킨마요덮밥"	),
	(	17,	1,	"",	"",	2500,	"김치만두"	),
	(	18,	1,	"",	"",	2500,	"갈비만두"	),
	(	19,	1,	"",	"",	2000,	"김밥"	),
	(	20,	1,	"",	"",	2500,	"치즈김밥"	);
-- nmj_review
insert into nmj_review 
(	review_uid,	mb_uid,	store_uid,	review_rate, review_content	)
values
(	1,	51,	1,	4,	"만족합니다");

-- nmj_request
insert into nmj_request
(	request_uid, request_type,	request_content)
values
(	1,	1,	"가입승인좀"),
(	2,	2,	"ㅇㅇ"),
(	3,	3,	"너신고"),
(	4,	4,	"짜증");

insert into nmj_review 
(mb_uid , store_uid , review_rate , review_content)
values
(2, 1, 4, "재밌어용"),
(3, 1, 1, "재미없어용"),
(4, 1, 3, "모르겠어용");

insert into nmj_spacelist 
(space_type) values ("좌석"),("노래방"), ("당구대"), ("볼링 레일"), ("테이블"), ("방");

select * from nmj_spacelist ns ;
select * from nmj_review nr ;
select * from nmj_member;
select * from nmj_storedtype;
select * from nmj_store;
select * from nmj_review;
select * from nmj_request;
select * from nmj_food;