-- nmj_member (매장 회원)
INSERT INTO nmj_member
	(mb_uid, mb_id, mb_pw, mb_name, mb_tel, mb_img_org, mb_img_sav, mb_email, mb_type)
VALUES
(1,	"gomeilab",	"$2a$10$gwE6R3amUPLEtJ0GrRkVYusDfQ7hAx571HQRewGc3zJ8mZo7k4wGC",	"고메이",	"010-1234-1234",	"",	"",	"gomeilab@gmail.com",	2                                         ),
(2,	"3popyeoksam",	"$2a$10$gwE6R3amUPLEtJ0GrRkVYusDfQ7hAx571HQRewGc3zJ8mZo7k4wGC",	"쓰리팝역삼",	"010-1234-2234",	"",	"",	"3popyeoksam@gmail.com",	2                             ),
(3,	"irispc",	"$2a$10$gwE6R3amUPLEtJ0GrRkVYusDfQ7hAx571HQRewGc3zJ8mZo7k4wGC",	"아이리스",	"010-1234-3234",	"",	"",	"irispc@gmail.com",	2                                             ),
(4,	"gameinners",	"$2a$10$gwE6R3amUPLEtJ0GrRkVYusDfQ7hAx571HQRewGc3zJ8mZo7k4wGC",	"이너스",	"010-1234-4234",	"",	"",	"gameinners@gmail.com",	2                                     ),
(5,	"3popgangnam",	"$2a$10$gwE6R3amUPLEtJ0GrRkVYusDfQ7hAx571HQRewGc3zJ8mZo7k4wGC",	"쓰리팝강남",	"010-1234-5234",	"",	"",	"3popgangnam@gmail.com",	2                             ),
(6,	"peakpc",	"$2a$10$gwE6R3amUPLEtJ0GrRkVYusDfQ7hAx571HQRewGc3zJ8mZo7k4wGC",	"픽",	"010-1234-6234",	"",	"",	"peakpc@gmail.com",	2                                                 ),
(7,	"lioncitypc",	"$2a$10$gwE6R3amUPLEtJ0GrRkVYusDfQ7hAx571HQRewGc3zJ8mZo7k4wGC",	"라이온",	"010-1234-7234",	"",	"",	"lioncitypc@gmail.com",	2                                     ),
(8,	"ozpc",	"$2a$10$gwE6R3amUPLEtJ0GrRkVYusDfQ7hAx571HQRewGc3zJ8mZo7k4wGC",	"오즈",	"010-1234-8234",	"",	"",	"ozpc@gmail.com",	2                                                     ),
(9,	"wdgpc",	"$2a$10$gwE6R3amUPLEtJ0GrRkVYusDfQ7hAx571HQRewGc3zJ8mZo7k4wGC",	"wdg",	"010-1234-9234",	"",	"",	"wdgpc@gmail.com",	2                                                 ),
(10,	"chinchinpc",	"$2a$10$gwE6R3amUPLEtJ0GrRkVYusDfQ7hAx571HQRewGc3zJ8mZo7k4wGC",	"친친",	"010-1234-0123",	"",	"",	"chinchinpc@gmail.com",	2                                     ),
(11,	"angcol",	"$2a$10$gwE6R3amUPLEtJ0GrRkVYusDfQ7hAx571HQRewGc3zJ8mZo7k4wGC",	"앵콜",	"02-563-3374",	"",	"",	"angcol@gmail.com",	2                                                 ),
(12,	"mee",	"$2a$10$gwE6R3amUPLEtJ0GrRkVYusDfQ7hAx571HQRewGc3zJ8mZo7k4wGC",	"미",	"010-0000-0001",	"",	"",	"mee@gmail.com",	2                                                 ),
(13,	"singsing",	"$2a$10$gwE6R3amUPLEtJ0GrRkVYusDfQ7hAx571HQRewGc3zJ8mZo7k4wGC",	"싱싱",	"010-0000-0002",	"",	"",	"singsing@gmail.com",	2                                         ),
(14,	"superstar",	"$2a$10$gwE6R3amUPLEtJ0GrRkVYusDfQ7hAx571HQRewGc3zJ8mZo7k4wGC",	"슈퍼스타",	"02-538-2153",	"",	"",	"superstar@gmail.com",	2                                     ),
(15,	"hama",	"$2a$10$gwE6R3amUPLEtJ0GrRkVYusDfQ7hAx571HQRewGc3zJ8mZo7k4wGC",	"악쓰는하마",	"0507-1419-2234",	"",	"",	"hama@gmail.com",	2                                         ),
(16,	"iam33",	"$2a$10$gwE6R3amUPLEtJ0GrRkVYusDfQ7hAx571HQRewGc3zJ8mZo7k4wGC",	"삼삼",	"0507-1383-4008",	"",	"",	"iam33@gmail.com",	2                                             ),
(17,	"ultra",	"$2a$10$gwE6R3amUPLEtJ0GrRkVYusDfQ7hAx571HQRewGc3zJ8mZo7k4wGC",	"울트라모던",	"02-826-3459",	"",	"",	"ultra@gmail.com",	2                                         ),
(18,	"cocoon",	"$2a$10$gwE6R3amUPLEtJ0GrRkVYusDfQ7hAx571HQRewGc3zJ8mZo7k4wGC",	"코쿤",	"02-826-6686",	"",	"",	"cocoon@gmail.com",	2                                                 ),
(19,	"corus",	"$2a$10$gwE6R3amUPLEtJ0GrRkVYusDfQ7hAx571HQRewGc3zJ8mZo7k4wGC",	"코러스",	"02-811-0083",	"",	"",	"corus@gmail.com",	2                                             ),
(20,	"k2",	"$2a$10$gwE6R3amUPLEtJ0GrRkVYusDfQ7hAx571HQRewGc3zJ8mZo7k4wGC",	"k2",	"02-595-3721",	"",	"",	"k2@gmail.com",	2                                                         ),
(21,	"lineballing_gangnam",	"$2a$10$gwE6R3amUPLEtJ0GrRkVYusDfQ7hAx571HQRewGc3zJ8mZo7k4wGC",	"라인볼링센터",	"010-4006-8482",	"",	"",	"lineballingGangnam@gmail.com",	2             ),
(22,	"smashing_gangnam",	"$2a$10$gwE6R3amUPLEtJ0GrRkVYusDfQ7hAx571HQRewGc3zJ8mZo7k4wGC",	"스매싱볼",	"010-4006-8483",	"",	"",	"smashingGangnam@gmail.com",	2                     ),
(23,	"star24_gangnam",	"$2a$10$gwE6R3amUPLEtJ0GrRkVYusDfQ7hAx571HQRewGc3zJ8mZo7k4wGC",	"스타24시볼링장",	"010-4006-8484",	"",	"",	"star24Gangnam@gmail.com",	2                 ),
(24,	"carrierballing_gangnam",	"$2a$10$gwE6R3amUPLEtJ0GrRkVYusDfQ7hAx571HQRewGc3zJ8mZo7k4wGC",	"캐리어볼링장",	"010-4006-8485",	"",	"",	"carrierballingGangnam@gmail.com",	2     ),
(25,	"blackbilliard_gangnam",	"$2a$10$gwE6R3amUPLEtJ0GrRkVYusDfQ7hAx571HQRewGc3zJ8mZo7k4wGC",	"블랙당구장",	"010-4006-8486",	"",	"",	"blackbilliardGangnam@gmail.com",	2     ),
(26,	"mvlbilliard_gangnam",	"$2a$10$gwE6R3amUPLEtJ0GrRkVYusDfQ7hAx571HQRewGc3zJ8mZo7k4wGC",	"MVL당구장",	"010-4006-8487",	"",	"",	"mvlbilliardGangnam@gmail.com",	2             ),
(27,	"q3billiard_gangnam",	"$2a$10$gwE6R3amUPLEtJ0GrRkVYusDfQ7hAx571HQRewGc3zJ8mZo7k4wGC",	"큐쓰리당구장",	"010-4006-8488",	"",	"",	"q3billiardGangnam@gmail.com",	2             ),
(28,	"goldenball_gangnam",	"$2a$10$gwE6R3amUPLEtJ0GrRkVYusDfQ7hAx571HQRewGc3zJ8mZo7k4wGC",	"골든볼당구장",	"010-4006-8489",	"",	"",	"goldenballGangnam@gmail.com",	2             ),
(29,	"hyunbilliard_gangnam",	"$2a$10$gwE6R3amUPLEtJ0GrRkVYusDfQ7hAx571HQRewGc3zJ8mZo7k4wGC",	"현당구클럽",	"010-4006-8490",	"",	"",	"hyunbilliardGangnam@gmail.com",	2         ),
(30,	"gnbilliard_gangnam",	"$2a$10$gwE6R3amUPLEtJ0GrRkVYusDfQ7hAx571HQRewGc3zJ8mZo7k4wGC",	"강남당구장",	"010-4006-8491",	"",	"",	"gnbilliardGangnam@gmail.com",	2             ),
(31,	"anak",	"$2a$10$gwE6R3amUPLEtJ0GrRkVYusDfQ7hAx571HQRewGc3zJ8mZo7k4wGC",	"아낙역삼점",	"010-1004-1100",	"",	"",	"anak@gmail.com",	2                                         ),
(32,	"arine",	"$2a$10$gwE6R3amUPLEtJ0GrRkVYusDfQ7hAx571HQRewGc3zJ8mZo7k4wGC",	"아리네술상",	"010-1004-1200",	"",	"",	"arine@gmail.com",	2                                     ),
(33,	"marilin",	"$2a$10$gwE6R3amUPLEtJ0GrRkVYusDfQ7hAx571HQRewGc3zJ8mZo7k4wGC",	"마릴린몰트바",	"010-1004-1300",	"",	"",	"marilin@gmail.com",	2                                 ),
(34,	"looptop",	"$2a$10$gwE6R3amUPLEtJ0GrRkVYusDfQ7hAx571HQRewGc3zJ8mZo7k4wGC",	"루프탑 클라우드",	"010-1004-1400",	"",	"",	"looptop@gmail.com",	2                             ),
(35,	"waba",	"$2a$10$gwE6R3amUPLEtJ0GrRkVYusDfQ7hAx571HQRewGc3zJ8mZo7k4wGC",	"와바 역삼1호점",	"010-1004-1500",	"",	"",	"waba@gmail.com",	2                                     ),
(36,	"hyundaegisa",	"$2a$10$gwE6R3amUPLEtJ0GrRkVYusDfQ7hAx571HQRewGc3zJ8mZo7k4wGC",	"현대기사식당",	"010-1004-1600",	"",	"",	"hyundaegisa@gmail.com",	2                         ),
(37,	"parkluan",	"$2a$10$gwE6R3amUPLEtJ0GrRkVYusDfQ7hAx571HQRewGc3zJ8mZo7k4wGC",	"파크루안 역삼점",	"010-1004-1700",	"",	"",	"parkluan@gmail.com",	2                             ),
(38,	"bookaue",	"$2a$10$gwE6R3amUPLEtJ0GrRkVYusDfQ7hAx571HQRewGc3zJ8mZo7k4wGC",	"역삼동북어집",	"010-1004-1800",	"",	"",	"bookaue@gmail.com",	2                                 ),
(39,	"starbun",	"$2a$10$gwE6R3amUPLEtJ0GrRkVYusDfQ7hAx571HQRewGc3zJ8mZo7k4wGC",	"스터번",	"010-1004-1900",	"",	"",	"starbun@gmail.com",	2                                     ),
(40,	"seasonmigak",	"$2a$10$gwE6R3amUPLEtJ0GrRkVYusDfQ7hAx571HQRewGc3zJ8mZo7k4wGC",	"계절미각",	"010-1004-2000",	"",	"",	"seasonmigak@gmail.com",	2                             ),
(41,	"mercure",	"$2a$10$gwE6R3amUPLEtJ0GrRkVYusDfQ7hAx571HQRewGc3zJ8mZo7k4wGC",	"머큐어서울앰배서더 강남쏘도베",	"010-2050-6000",	"",	"",	"mercure@gmail.com",	2             ),
(42,	"benica",	"$2a$10$gwE6R3amUPLEtJ0GrRkVYusDfQ7hAx571HQRewGc3zJ8mZo7k4wGC",	"베니키아 노블레스호텔",	"010-1558-1202",	"",	"",	"benica@gmail.com",	2                         ),
(43,	"starhotel",	"$2a$10$gwE6R3amUPLEtJ0GrRkVYusDfQ7hAx571HQRewGc3zJ8mZo7k4wGC",	"스타호텔",	"010-8561-9442",	"",	"",	"starhotel@gmail.com",	2                                 ),
(44,	"staygang",	"$2a$10$gwE6R3amUPLEtJ0GrRkVYusDfQ7hAx571HQRewGc3zJ8mZo7k4wGC",	"스테이호텔강남",	"010-5628-6200",	"",	"",	"staygang@gmail.com",	2                             ),
(45,	"haruguest",	"$2a$10$gwE6R3amUPLEtJ0GrRkVYusDfQ7hAx571HQRewGc3zJ8mZo7k4wGC",	"하루게스트하우스",	"010-4423-5800",	"",	"",	"haruguest@gmail.com",	2                         ),
(46,	"artistyeok",	"$2a$10$gwE6R3amUPLEtJ0GrRkVYusDfQ7hAx571HQRewGc3zJ8mZo7k4wGC",	"Hotel The Artist Yeoksam",	"010-2552-3950",	"",	"",	"artistyeok@gmail.com",	2                 ),
(47,	"adriga",	"$2a$10$gwE6R3amUPLEtJ0GrRkVYusDfQ7hAx571HQRewGc3zJ8mZo7k4wGC",	"호텔아드리게",	"010-8552-9711",	"",	"",	"adriga@gmail.com",	2                                     ),
(48,	"anahotel",	"$2a$10$gwE6R3amUPLEtJ0GrRkVYusDfQ7hAx571HQRewGc3zJ8mZo7k4wGC",	"A-NA Hotel", 	"010-5208-8366",	"",	"",	"anahote@gmail.coml",	2                                 ),
(49,	"soulhotel",	"$2a$10$gwE6R3amUPLEtJ0GrRkVYusDfQ7hAx571HQRewGc3zJ8mZo7k4wGC",	"호텔소울하다",	"010-3288-1100",	"",	"",	"soulhotel@gmail.com",	2                             ),
(50,	"havenue",	"$2a$10$gwE6R3amUPLEtJ0GrRkVYusDfQ7hAx571HQRewGc3zJ8mZo7k4wGC",	"에이치에비뉴 호텔 역삼",	"010-9508-6247",	"",	"",	"havenue@gmail.com",	2                     )
	;

-- nmj_storedtype 매장 상세 종류
insert into 
	nmj_storedtype 
	(	store_dtype,	store_type,	store_dname	)
values
	(	1,	1,	"pc방"	),
	(	2,	1,	"노래방"	),
	(	3,	1,	"당구장"	),
	(	4,	1,	"볼링장"	),
	(	5,	1,	"영화관"	),
	(	6,	2,	"한식"	),
	(	7,	2,	"중식"	),
	(	8,	2,	"양식"	),
	(	9,	2,	"일식"	),
	(	10,	2,	"분식"	),
	(	11,	3,	"모텔"	),
	(	12,	3,	"호텔"	),
	(	13,	3,	"리조트/콘도"	),
	(	14,	3,	"펜션/풀빌라"	),
	(	15,	3,	"게스트하우스"	),
	(	16,	2,	"술집"	);
	
-- (관리자 회원)
insert into nmj_member 
	(mb_uid, mb_id,	mb_pw, mb_name,	mb_tel,	mb_img_org,	mb_img_sav,	mb_email, mb_type)
values
	(100, "admin", "$2a$10$gwE6R3amUPLEtJ0GrRkVYusDfQ7hAx571HQRewGc3zJ8mZo7k4wGC", "명성힘", "010-0000-0000", "", "", "admin@nmj.com", 3);

-- nmj_store (매장 회원)
INSERT INTO nmj_store
	(store_uid,	
	mb_uid,	
	store_name,	
	store_address,	
	store_tel,	
	store_hours,
	store_content,
	store_img_org,
	store_img_sav,
	store_regNum,	
	store_regImg_org,	
	store_regImg_sav,	
	store_lat,	
	store_long,	
	store_type,	
	store_dtype,	
	store_ratings,	
	store_rateCount)
VALUES
(	1,	1,	"고메이랩",	"서울 강남구 논현로94길 30 2층",	"02-556-1273",	"00:00~24:00",	"오픈 1주년 기념 감사 할인 이벤트 1+1 이벤트를 진행 합니다.",	"gomeilab.png",	"gomeilab.png",	"123-12-12345",	"1231212345.png",	"1231212345.png",	37.50299,	127.038853,	1,	1,	1400,	320	),
(	2,	2,	"3POP PC CAFE 역삼점",	"서울 강남구 테헤란로20길 20 삼정빌딩 지하2층",	"02-9766-4716",	"00:00~24:00",	"",	"3poppc.png",	"3poppc.png",	"123-12-22345",	"1231222345.png",	"1231222345.png",	37.498522,	127.034539,	1,	1,	900,	214	),
(	3,	3,	"아이리스 PC",	"서울 강남구 테헤란로8길 21",	"010-2015-2434",	"00:00~24:00",	"대한민국 최고의 아이리스PC방 강남점 입니다.",	"irispc.png",	"irispc.png",	"123-12-32345",	"1231232345.png",	"1231232345.png",	37.497716,	127.031957,	1,	1,	400,	144	),
(	4,	4,	"게임이너스 이스포츠점",	"서울 강남구 역삼동 826-21",	"02-567-3273",	"00:00~24:00",	"대회를 위한 선수실과 방송실까지 GTX 1080ti / i7 8700k / 메모리 32G 최강 스팩!!!",	"gameinners.png",	"gameinners.png",	"123-12-42345",	"1231242345.png",	"1231242345.png",	37.496839,	127.028956,	1,	1,	1400,	420	),
(	5,	5,	"3POP 강남점",	"서울 강남구 테헤란로 107",	"070-4755-8855",	"00:00~24:00",	"",	"3popgangnam.jpeg",	"3popgangnam.jpeg",	"123-12-52345",	"1231252345.png",	"1231252345.png",	37.498839,	127.028613,	1,	1,	1400,	2345	),
(	6,	6,	"PeaK PC방 역삼",	"서울 강남구 언주로85길 23-6 지하1층",	"02-554-4445",	"00:00~24:00",	"피크피씨방은 초등학생, 중학생의 입장이 불가합니다. 이용에 참고 부탁드립니다. ",	"peakyeoksam.jpeg",	"peakyeoksam.jpeg",	"123-12-62345",	"1231262345.png",	"1231262345.png",	37.500642,	127.041467,	1,	1,	1400,	543	),
(	7,	7,	"라이온시티 PC방",	"서울 강남구 테헤란로4길 35",	"070-4722-9966",	"00:00~24:00",	"",	"",	"",	"123-12-72345",	"1231272345.png",	"1231272345.png",	37.496378,	127.030675,	1,	1,	1400,	434	),
(	8,	8,	"오즈PC방 강남역점",	"서울 강남구 강남대로94길 10 케이스퀘어강남 지하2층",	"010-4866-5568",	"00:00~24:00",	"@PC이용요금, 식사 및 먹거리 모두 카드결제 가능합니다.",	"oz.jpeg",	"oz.jpeg",	"123-12-82345",	"1231282345.png",	"1231282345.png",	37.4994,	127.028251,	1,	1,	500,	431	),
(	9,	9,	"WDG PC방",	"서울 강남구 봉은사로1길 4 뷰성형외과빌딩 B2",	"070-8848-4070",	"00:00~24:00",	"게임을 잘하면 무료로 게임을 할 수 있다? - WDG PC방 만의 특별한 티어 요금제 - 각 티어별 1,000원 당 플레티넘 150분 / 골드 120분 / 실버 100분 / 브론즈 80분 이용가능!",	"wdgpc.jpeg",	"wdgpc.jpeg",	"123-12-92345",	"1231292345.png",	"1231292345.png",	37.505264,	127.025417,	1,	1,	500,	321	),
(	10,	10,	"친친 PC",	"서울 강남구 학동로20길 39",	"02-541-0403",	"00:00~24:00",	"배그 최적화, 오버워치 전용석",	"",	"",	"123-13-12345",	"1231312345.png",	"1231312345.png",	37.510985,	127.027831,	1,	1,	500,	387	),
(	11,	11,	"앵콜노래연습장",	"서울 강남구 테헤란로25길 9",	"02-563-3374",	"18:00~05:00",	"앵콜하세요~",	"angcol.jpg",	"angcol.jpg",	"123-12-23456",	"1231223456.png",	"1231223456.png",	37.501316,	127.034954,	1,	2,	99,	30	),
(	12,	12,	"미노래방",	"서울 강남구 테헤란로21길 8",	"010-0000-0001",	"18:00~05:00",	"아름다울 미 노래방",	"mee.jpg",	"mee.jpg",	"123-12-23457",	"1231223457.png",	"1231223457.png",	37.50082,	127.034578,	1,	2,	99,	40	),
(	13,	13,	"싱싱노래연습장",	"서울 강남구 강남대로94길 88",	"010-0000-0002",	"18:00~05:00",	"중독성 있는 싱싱노래방",	"",	"",	"123-12-23458",	"1231223458.png",	"1231223458.png",	37.500765,	127.034262,	1,	2,	99,	50	),
(	14,	14,	"슈퍼스타코인노래방",	"서울 강남구 테헤란로1길 28",	"02-538-2153",	"11:00~02:00",	"슈퍼스타",	"superstar.jpg",	"superstar.jpg",	"123-12-23459",	"1231223459.png",	"1231223459.png",	37.500343,	127.0276,	1,	2,	99,	60	),
(	15,	15,	"악쓰는하마코인노래방",	"서울 강남구 테헤란로1길 40",	"0507-1419-2234",	"11:00~05:00",	"악쓰는하마",	"hama.jpg",	"hama.jpg",	"123-12-23460",	"1231223460.png",	"1231223460.png",	37.501127,	127.02726,	1,	2,	150,	70	),
(	16,	16,	"삼삼코인노래방",	"서울 강남구 강남대로 428 지하 2층",	"0507-1383-4008",	"11:00~05:00",	"33할 때 오세용",	"33.jpg",	"33.jpg",	"123-12-23461",	"1231223461.png",	"1231223461.png",	37.501041,	127.026817,	1,	2,	150,	80	),
(	17,	17,	"울트라모던노래방",	"서울 동작구 흑석로 81-5",	"02-826-3459",	"00:00~00:00",	"울트라모던 노래방",	"ultra.jpg",	"ultra.jpg",	"123-12-23462",	"1231223462.png",	"1231223462.png",	37.507411,	126.958537,	1,	2,	200,	90	),
(	18,	18,	"코쿤노래연습장",	"서울 동작구 흑석로 13마길 65-3 지하",	"02-826-6686",	"00:00~00:00",	"코쿤 노래방",	"cocoon.jpg",	"cocoon.jpg",	"123-12-23463",	"1231223463.png",	"1231223463.png",	37.50767,	126.959063,	1,	2,	200,	80	),
(	19,	19,	"코러스노래연습장",	"서울 동작구 흑석로13가길 42",	"02-811-0083",	"00:00~00:00",	"코러스 노래방",	"",	"",	"123-12-23464",	"1231223464.png",	"1231223464.png",	37.507748,	126.959509,	1,	2,	180,	70	),
(	20,	20,	"k2노래연습장",	"서울 동작구 흑석로 94 3층",	"02-595-3721",	"00:00~00:00",	"k2노래방",	"k2.jpg",	"k2.jpg",	"123-12-23465",	"1231223465.png",	"1231223465.png",	37.507458,	126.959867,	1,	2,	150,	60	),
(	21,	21,	"라인볼링센터",	"서울특별시 강남구 역삼동 강남대로 308",	"02-555-4199",	"11:00~06:00",	"라인에서 볼링시작!",	"lineBalling.jpg",	"lineBalling.jpg",	"123-12-45675",	"1231245675.png",	"1231245675.png",	37.498365,	127.032827,	1,	4,	300,	89	),
(	22,	22,	"스매싱볼",	"서울특별시 강남구 강남대로 468 지하2층",	"02-556-2231",	"00:00~00:00",	"스매싱~ 스트라이크~!",	"smashingBalling.jpg",	"smashingBalling.jpg",	"123-12-45676",	"1231245676.png",	"1231245676.png",	37.504285,	127.025124,	1,	4,	50,	11	),
(	23,	23,	"스타24시볼링장",	"서울특별시 강남구 역삼동 강남대로 468",	"02-512-1797",	"00:00~00:00",	"24시간 볼링칠 수 있는 스타볼링장입니다.",	"starBalling.jpg",	"starBalling.jpg",	"123-12-45677",	"1231245677.png",	"1231245677.png",	37.510987,	127.031627,	1,	4,	990,	200	),
(	24,	24,	"캐리어볼링장",	"서울특별시 서초구 서초동 남부순환로 2567",	"02-3474-1010",	"11:00~06:00",	"음료제공하는 캐리어볼링장입니다.",	"carrierBalling.jpg",	"carrierBalling.jpg",	"123-12-45678",	"1231245678.png",	"1231245678.png",	37.484722,	127.031391,	1,	4,	400,	194	),
(	25,	25,	"블랙당구장",	"서울특별시 강남구 역삼1동 798-29",	"02-566-8208",	"14:00~05:00",	"3구 4구 포켓볼 시설 완비",	"blackBilliard.jpg",	"blackBilliard.jpg",	"123-12-45679",	"1231245679.png",	"1231245679.png",	37.492602,	127.039309,	1,	3,	50,	14	),
(	26,	26,	"MVL당구장",	"서울특별시 강남구 언주로85길 7 (역삼동) 서원빌딩 B1",	"02-558-3949",	"14:00~05:00",	"음료, 와이파이 무료제공",	"bravoBilliard.jpeg",	"bravoBilliard.jpeg",	"123-12-45670",	"1231245670.png",	"1231245670.png",	37.501207,	127.042655,	1,	3,	50,	27	),
(	27,	27,	"큐쓰리당구장",	"서울 강남구 역삼동 702-16 3층 큐쓰리당구장",	"02-553-9275",	"10:30~00:00",	"조용한 친절한 큐쓰리당구장입니다.",	"q3Billiard.jpg",	"q3Billiard.jpg",	"123-12-45671",	"1231245671.png",	"1231245671.png",	37.504396,	127.045445,	1,	3,	50,	12	),
(	28,	28,	"골든볼당구장",	"서울 강남구 역삼동 735-34",	"02-568-8006",	"14:00~05:00",	"TV34인치, 벽걸이",	"goldenballBilliard.jpg",	"goldenballBilliard.jpg",	"123-12-45672",	"1231245672.png",	"1231245672.png",	37.498898,	127.034244,	1,	3,	17,	4	),
(	29,	29,	"현당구클럽",	"서울 강남구 역삼동 823-4",	"02-554-4701",	"11:00~05:00",	"운영은 제가 오픈부터 22:00까지 근무이며, 야간실장님이 야간부터 새벽까지 마감을 책임지실겁니다.",	"hyunBilliard.jpeg",	"hyunBilliard.jpeg",	"123-12-45673",	"1231245673.png",	"1231245673.png",	37.498706,	127.031433,	1,	3,	14,	3	),
(	30,	30,	"강남당구장",	"서울특별시 강남구 역삼동 테헤란로10길 21",	"010-2229-2371",	"10:30~02:00",	"큣대관리를 잘하고 발레파킹 가능한 강남당구장입니다.",	"gangnamBilliard.jpg",	"gangnamBilliard.jpg",	"123-12-45674",	"1231245674.png",	"1231245674.png",	37.498365,	127.032827,	1,	3,	4,	1	),
(	31,	31,	"아낙역삼점",	"서울특별시 강남구 역삼동 테헤란로27길 27",	"02-567-0567",	"17:00~2:00",	"",	"anak.jpg",	"anak.jpg",	"456-12-12340",	"",	"",	37.503341,	127.0374,	2,	16,	500,	154	),
(	32,	32,	"아리네술상",	"서울특별시 강남구 역삼동 논현로94길 11",	"02-501-9297",	"11:00~3:00",	"",	"arine.jgp",	"arine.jgp",	"456-12-12341",	"",	"",	37.502677,	127.037195,	2,	16,	200,	59	),
(	33,	33,	"마릴린몰트바",	"서울특별시 강남구 역삼동 667-16번지 하동 2층",	"02-6207-0460",	"17:00~2:00",	"",	"marilin.JPG",	"marilin.JPG",	"456-12-12342",	"",	"",	37.503889,	127.035829,	2,	16,	29,	6	),
(	34,	34,	"루프탑 클라우드",	"서울특별시 강남구 역삼동 테헤란로25길 10",	"02-2050-6035",	"18:00~1:00",	"",	"looptop.jpg",	"looptop.jpg",	"456-12-12343",	"",	"",	37.50145,	127.035474,	2,	16,	400,	189	),
(	35,	35,	"와바 역삼1호점",	"서울특별시 강남구 역삼동 644-3",	"02-561-3023",	"18:00~1:00",	"",	"waba.jpg",	"waba.jpg",	"456-12-12344",	"",	"",	37.501297,	127.034036,	2,	16,	4,	1	),
(	36,	36,	"현대기사식당",	"서울특별시 강남구 역삼동 논현로85길 5-5",	"02-3453-6532",	"9:00~21:30",	"",	"hyundaegisa.jpg",	"hyundaegisa.jpg",	"456-12-12345",	"",	"",	37.498844,	127.036794,	2,	6,	1000,	388	),
(	37,	37,	"파크루안 역삼점",	"서울특별시 강남구 역삼동 논현로 430",	"02-562-5565",	"11:30~10:00",	"",	"parkluan.JPG",	"parkluan.JPG",	"456-12-12346",	"",	"",	37.499244,	127.038403,	2,	7,	1000,	450	),
(	38,	38,	"역삼동북어집",	"서울특별시 강남구 역삼동 논현로85길 5-14",	"02-558-6605",	"7:00~21:00",	"",	"bookaue.jpg",	"bookaue.jpg",	"456-12-12347",	"",	"",	37.498742,	127.036686,	2,	6,	1500,	362	),
(	39,	39,	"스터번",	"서울특별시 강남구 647-2 B1",	"070-8828-8100",	"11:30~22:00",	"",	"starbun.jpg",	"starbun.jpg",	"456-12-12348",	"",	"",	37.500842,	127.032862,	2,	8,	300,	172	),
(	40,	40,	"계절미각",	"서울특별시 강남구 역삼동 637-18",	"070-8883-1586",	"11:30~1:00",	"",	"seasonmigak.jpg",	"seasonmigak.jpg",	"456-12-12349",	"",	"",	37.501089,	127.032315,	2,	16,	300,	100	),
(	41,	41,	"머큐어서울앰배서더 강남쏘도베",	"서울특별시 강남구 테헤란로25길 10",	"02-2050-6000",	"00:00~24:00",	"2012년 3월 개관한 세계적인 호텔 체인인 Accor 의 첫번째 머큐어 브랜드 진출호텔",	"MercureAmbassadorGangnam.jpeg",	"MercureAmbassadorGangnam.jpeg",	"123-12-79800",	"",	"",	37.501444,	127.035411,	3,	12,	7000,	1503	),
(	42,	42,	"베니키아 노블레스호텔",	"서울특별시 강남구 테헤란로25길 6-13",	"02-558-1202",	"00:00~24:00",	"합리적인 가격으로 편안한 쉼터를 제공하는 한국형 비즈니스호텔급 체인브랜드",	"BenikeaHotel.jpeg",	"BenikeaHotel.jpeg",	"123-12-79900",	"",	"",	37.501378,	127.035773,	3,	12,	444,	111	),
(	43,	43,	"스타호텔",	"서울특별시 강남구 논현로87길 17",	"02-561-9442",	"00:00~24:00",	"",	"",	"",	"123-98-12932",	"",	"",	37.499508,	127.035424,	3,	12,	455,	159	),
(	44,	44,	"스테이호텔강남",	"서울특별시 강남구 논현로87길 15-4",	"02-568-6200",	"00:00~24:00",	"#3성급호텔 #관광호텔 #어메니티제공 #패밀리룸 #호캉스",	"stayhotel.jpeg",	"stayhotel.jpeg",	"128-12-22041",	"",	"",	37.499543,	127.035231,	3,	12,	600,	191	),
(	45,	45,	"하루게스트하우스",	"서울특별시 강남구 테헤란로21길 14 301호",	"02-443-5800",	"00:00~24:00",	"",	"",	"",	"178-11-12042",	"",	"",	37.501183,	127.03452,	3,	15,	0,	0	),
(	46,	46,	"Hotel The Artist Yeoksam",	"서울특별시 강남구 역삼동 678-13",	"02-552-3950",	"00:00~24:00",	"빵빵한 와이파이, 온수 욕조",	"",	"",	"142-13-52921",	"",	"",	37.502345,	127.038448,	3,	11,	90,	27	),
(	47,	47,	"호텔아드리게",	"서울특별시 강남구 테헤란로28길 3-6",	"02-552-9711",	"00:00~24:00",	"",	"",	"",	"182-19-33021",	"",	"",	37.500847,	127.039118,	3,	12,	150,	38	),
(	48,	48,	"A-NA Hotel", 	"서울특별시 강남구 역삼동 719-12",	"02-508-8366",	"00:00~24:00",	"화려한 나이트클럽, 다양한 식당, 오래된 불교 사원이 있는 트렌디하고 고급스러운 지역",	"",	"",	"182-31-45841",	"",	"",	37.501165,	127.040504,	3,	12,	340,	84	),
(	49,	49,	"호텔소울하다",	"서울특별시 강남구 역삼동 테헤란로10길 5",	"02-3288-1100",	"00:00~24:00",	"대중교통 근처에 위치, 위치가 좋음",	"",	"",	"128-02-12346",	"",	"",	37.498791,	127.032509,	3,	12,	600,	134	),
(	50,	50,	"에이치에비뉴 호텔 역삼",	"서울특별시 강남구 역삼동 테헤란로29길 12",	"02-508-6247",	"00:00~24:00",	"수영장, 바가 있음",	"",	"",	"192-09-89374",	"",	"",	37.502430,	127.038697,	3,	12,	800,	182	)
;

-- nmj_member (일반 회원)
insert into nmj_member 
(	mb_uid,	mb_id,	mb_pw,	mb_name,	mb_tel,	mb_img_org,	mb_img_sav,	mb_email,	mb_type	)
values
(	51,	"b2nyb2st",	"$2a$10$gwE6R3amUPLEtJ0GrRkVYusDfQ7hAx571HQRewGc3zJ8mZo7k4wGC",	"권연주",	"010-1234-5678",	"",	"",	"b2nyb2st@naver.com",	1	),
(	52,	"qwerty12345",	"$2a$10$gwE6R3amUPLEtJ0GrRkVYusDfQ7hAx571HQRewGc3zJ8mZo7k4wGC",	"양혜정",	"010-9876-5432",	"",	"",	"qwerty12345@naver.com",	1	),
(	53,	"wkrud94",	"$2a$10$gwE6R3amUPLEtJ0GrRkVYusDfQ7hAx571HQRewGc3zJ8mZo7k4wGC",	"이새힘",	"010-4006-8482",	"",	"",	"wkrud94@hanmail.net",	1	),
(	54,	"samlee8482",	"$2a$10$gwE6R3amUPLEtJ0GrRkVYusDfQ7hAx571HQRewGc3zJ8mZo7k4wGC",	"이새봄",	"010-9725-8482",	"",	"",	"samlee8482@gmail.com",	1	),
(	55,	"kpmyung",	"$2a$10$gwE6R3amUPLEtJ0GrRkVYusDfQ7hAx571HQRewGc3zJ8mZo7k4wGC",	"명기범",	"010-1004-0707",	"",	"",	"kpmyung@naver.com",	1	),
(	56,	"gibeom",	"$2a$10$gwE6R3amUPLEtJ0GrRkVYusDfQ7hAx571HQRewGc3zJ8mZo7k4wGC",	"범기명",	"010-5858-7942",	"",	"",	"kpmyung@gmail.com",	1	),
(	57,	"money7a7",	"$2a$10$gwE6R3amUPLEtJ0GrRkVYusDfQ7hAx571HQRewGc3zJ8mZo7k4wGC",	"최현진",	"010-6663-8557",	"",	"",	"money7a7@gmail.com",	1	),
(	58,	"yorr330",	"$2a$10$gwE6R3amUPLEtJ0GrRkVYusDfQ7hAx571HQRewGc3zJ8mZo7k4wGC",	"이다솜",	"010-5590-2525",	"",	"",	"yorr330@gmail.com",	1	),
(	59,	"minji99",	"$2a$10$gwE6R3amUPLEtJ0GrRkVYusDfQ7hAx571HQRewGc3zJ8mZo7k4wGC",	"김민지",	"010-9068-1004",	"",	"",	"minji99@naver.com",	1	),
(	60,	"jia1999",	"$2a$10$gwE6R3amUPLEtJ0GrRkVYusDfQ7hAx571HQRewGc3zJ8mZo7k4wGC",	"백지아",	"010-5842-7942",	"",	"",	"jia1999@naver.com",	1	),
(	61,	"inhye11",	"$2a$10$gwE6R3amUPLEtJ0GrRkVYusDfQ7hAx571HQRewGc3zJ8mZo7k4wGC",	"정인혜",	"010-5595-9090",	"",	"",	"lalala@gmail.com",	1	),
(	62,	"soyeon119",	"$2a$10$gwE6R3amUPLEtJ0GrRkVYusDfQ7hAx571HQRewGc3zJ8mZo7k4wGC",	"김소연",	"010-9090-0909",	"",	"",	"hehehe@gmail.com",	1	),
(	63,	"younddo111",	"$2a$10$gwE6R3amUPLEtJ0GrRkVYusDfQ7hAx571HQRewGc3zJ8mZo7k4wGC",	"최영두",	"010-5698-9898",	"",	"",	"youndododo@gmail.com",	1	),
(	64,	"kto1991",	"$2a$10$gwE6R3amUPLEtJ0GrRkVYusDfQ7hAx571HQRewGc3zJ8mZo7k4wGC",	"오경택",	"010-5594-9998",	"",	"",	"white1991@naver.com",	1	),
(	65,	"hwado114",	"$2a$10$gwE6R3amUPLEtJ0GrRkVYusDfQ7hAx571HQRewGc3zJ8mZo7k4wGC",	"유화도",	"010-7775-8800",	"",	"",	"hwadodo@gmail.com",	1	),
(	66,	"himsae555",	"$2a$10$gwE6R3amUPLEtJ0GrRkVYusDfQ7hAx571HQRewGc3zJ8mZo7k4wGC",	"이힘새",	"010-4005-8989",	"",	"",	"himsae3eee@gmail.com",	1	),
(	67,	"subininin32",	"$2a$10$gwE6R3amUPLEtJ0GrRkVYusDfQ7hAx571HQRewGc3zJ8mZo7k4wGC",	"허숩인",	"010-9992-1144",	"",	"",	"heoheo33@gmail.com",	1	),
(	68,	"saylalala44",	"$2a$10$gwE6R3amUPLEtJ0GrRkVYusDfQ7hAx571HQRewGc3zJ8mZo7k4wGC",	"신동규",	"010-8784-9990",	"",	"",	"shindong22@gmail.com",	1	),
(	69,	"bigbang33",	"$2a$10$gwE6R3amUPLEtJ0GrRkVYusDfQ7hAx571HQRewGc3zJ8mZo7k4wGC",	"박상원",	"010-7575-5757",	"",	"",	"sangpark1313@gmail.com",	1	),
(	70,	"soshi34",	"$2a$10$gwE6R3amUPLEtJ0GrRkVYusDfQ7hAx571HQRewGc3zJ8mZo7k4wGC",	"장미인애",	"010-5678-9876",	"",	"",	"beautiful313@gmail.com",	1	)
;

-- nmj_food (음식 테이블)

-- 놀자~
insert into nmj_food 
	(	food_uid,	store_uid,	food_img_org,	food_img_sav,	food_price,	food_name	)
values
(	1,	1,	"icetea.jpg",	"icetea.jpg",	1500,	"아이스티"	),
(	2,	1,	"iceCoffe.jpg",	"iceCoffe.jpg",	2000,	"아이스커피"	),
(	3,	1,	"greenTea.jpg",	"greenTea.jpg",	1500,	"녹차"	),
(	4,	1,	"cola.png",	"cola.png",	1000,	"콜라"	),
(	5,	1,	"cider.jpeg",	"cider.jpeg",	1000,	"사이다"	),
(	6,	1,	"fanta.jpg",	"fanta.jpg",	1000,	"환타"	),
(	7,	1,	"ramen.jpg",	"ramen.jpg",	2500,	"라면"	),
(	8,	1,	"kimchiFriedRice.jpeg",	"kimchiFriedRice.jpeg",	3500,	"김치볶음밥"	),
(	9,	1,	"realFruitJuice.png",	"realFruitJuice.png",	2200,	"생과일쥬스"	),
(	10,	1,	"egg.jpg",	"egg.jpg",	500,	"계랸"	),
(	11,	1,	"cheeze.jpeg",	"cheeze.jpeg",	500,	"치즈"	),
(	12,	1,	"tteokbokki.jpeg",	"tteokbokki.jpeg",	3000,	"떡볶이"	),
(	13,	1,	"normalHotdog.jpeg",	"normalHotdog.jpeg",	2000,	"기본 핫도그"	),
(	14,	1,	"cheeseHotdog.jpeg",	"cheeseHotdog.jpeg",	2500,	"치즈 핫도그"	),
(	15,	1,	"spiceHotdog.jpg",	"spiceHotdog.jpg",	2500,	"매콤 핫도그"	),
(	16,	1,	"chickenMayo.jpg",	"chickenMayo.jpg",	3500,	"치킨마요덮밥"	),
(	17,	1,	"kimchiMandoo.jpg",	"kimchiMandoo.jpg",	2500,	"김치만두"	),
(	18,	1,	"galbiMandoo.jpg",	"galbiMandoo.jpg",	2500,	"갈비만두"	),
(	19,	1,	"kimbab.jpg",	"kimbab.jpg",	2000,	"김밥"	),
(	20,	1,	"cheezeKimbab.jpg",	"cheezeKimbab.jpg",	2500,	"치즈김밥"	);


/* 놀자 매장들 공통 음식 추가*/
insert into nmj_food 
	(store_uid,	food_img_org,	food_img_sav,	food_price,	food_name	)
	select 
	ns.store_uid,
	nf.food_img_org,
	nf.food_img_sav,
	nf.food_price,
	nf.food_name
from nmj_store ns , nmj_food nf
where ns.store_type = 1 and ns.store_uid > 1;

-- 먹자~
insert into nmj_food 
	(	food_uid,	store_uid,	food_img_org,	food_img_sav,	food_price,	food_name	)
values
(	601,	2,	"soodaeKookbab.jpg",	"soodaeKookbab.jpg",	7000,	"순대국밥"	),
(	602,	2,	"pigKookbab.jpg",	"pigKookbab.jpg",	7000,	"돼지국밥"	),
(	603,	2,	"cowHeadKookbab.jpg",	"cowHeadKookbab.jpg",	9000,	"소머리국밥"	),
(	604,	2,	"6gaejang.jpg",	"6gaejang.jpg",	9000,	"육개장"	),
(	605,	2,	"boneHaejangKook.jpg",	"boneHaejangKook.jpg",	8000,	"뼈해장국"	),
(	606,	2,	"jjajangNoodle.jpg",	"jjajangNoodle.jpg",	5000,	"짜장면"	),
(	607,	2,	"jjambbong.jpg",	"jjambbong.jpg",	6000,	"짬뽕"	),
(	608,	2,	"tangsooyook.jpg",	"tangsooyook.jpg",	14000,	"탕수육"	),
(	609,	2,	"dongpayook.jpg",	"dongpayook.jpg",	18000,	"동파육"	);

/* 먹자 매장 공통음식 추가*/
insert into nmj_food 
	(store_uid,	food_img_org,	food_img_sav,	food_price,	food_name	)
	select 
	ns.store_uid,
	nf.food_img_org,
	nf.food_img_sav,
	nf.food_price,
	nf.food_name
from nmj_store ns , nmj_food nf
where ns.store_type = 2 and ns.store_uid > 30  and nf.food_uid >= 601;





insert into nmj_request
(request_type,	request_content)
values
(1, "store_uid:1"),
(3, "1"),
(3, "2"),
(4, "2");

insert into nmj_review 
(mb_uid , store_uid , review_rate , review_content)
values
(51, 1, 4, "재밌어용"),
(52, 2, 1, "재밌없어용"),
(53, 3, 3, "그럭저럭 만족하고 갑니다!"),
(54, 4, 3, "시설이 보완만 한다면 더 좋을 것 같습니다!"),
(55, 5, 5, "완벽했어요!! 지인들에게 소개해주고 싶습니다!"),
(56, 6, 3, "만족. 그러나 다음에 한번 더 올지는 미지수."),
(57, 7, 5, "또 올게요!!!!^^"),
(58, 8, 3, "시간때우기 가장 좋은 곳"),
(59, 9, 2, "바퀴벌레가 나와서 너무 충격이었어요.. 위생관리에 신경써주시면 감사하겠습니다"),
(60, 10, 4, "사장님께서 코로나 때문에 마스크도 제공해주시고 너무 좋았어요"),
(11, 11, 3, "평에 비해 그저그랬던 곳이었네요 담번엔 옆집도 가보려구요"),
(12, 12, 5, "최고최고!!"),
(13, 13, 1, "여긴 다음엔 안가는 걸루.."),
(14, 14, 5, "백점 만점에 백오십점!! 친구데리고 또 올게요!"),
(15, 15, 4, "쉼터가 되어주어서 감사합니다."),
(16, 16, 4, "가성비갑!! 앞으로 모임은 여기서"),
(17, 17, 4, "친구들이랑 모이기 딱 좋은 곳!! 사장님 사모님 서비스 나이스샷!"),
(18, 18, 5, "코로나바이러스 때문에 위생에 정말 신경쓰신게 눈에 보였어요 5점드립니다"),
(19, 19, 3, "이상한 냄새가 났던 것 외에는 무난!"),
(20, 20, 4, "직원분께서 친절하게 대해주셔서 너무 감사했습니다. 담에 또 올게요!"),
(21, 0, 0, "혹시 신촌 근처 괜찮은 볼링장 있나요?"),
(22, 0, 0, "신촌 홍대 합정 이 코스로 괜찮은 데이트 코스 추천해주실 분?"),
(23, 0, 0, "초밥 괜찮은 곳 추천점 이태원 쪽으루!!"),
(24, 0, 0, "다들 코로나 바이러스 조심하세여"),
(25, 0, 0, "약수역쪽 깔끔한 고깃집 어딘가요?"),
(26, 0, 0, "내일 한강가실 분?"),
(27, 0, 0, "아 개강 미뤄졌다 코로나 때문에 다들 조심하삼"),
(28, 0, 0, "야식 땡기는데 강남 쪽 24시 음식점 있나요"),
(29, 0, 0, "신림 떡볶이 맛집 추천좀 해주세요"),
(30, 0, 0, "자소서 다들 쓰구 계신가요 이제 상반기인데"),
(31, 0, 0, "아아아ㅏㅏㅏㅏㅏ아아ㅏ 심심하다"),
(32, 0, 0, "아아ㅏㅏ아ㅏㅏㅏ 나도심심하다"),
(33, 0, 0, "아ㅏㅏㅏㅏ 바빠죽겠는데 누가 심심하다냐"),
(34, 0, 0, "코로나바이러스 다들 조심하세요! ㅠㅠㅠ 확진자 지금 어마무시"),
(35, 0, 0, "죠떡 vs 국떡 여러분들의 선택은?"),
(36, 0, 0, "피자마루 vs 피자스쿨 선택은?"),
(37, 0, 0, "신촌 홍대 합정 파스타 맛집 추천좀해주세요~"),
(38, 0, 0, "성수역쪽 괜찮은 데이트 코스 추천해주실 분?"),
(39, 0, 0, "서울숲에서 배달음식 시켜먹을 수 있나요?"),
(40, 0, 0, "코로나 때매 음식점 사장님들 위생겁나 신경쓰시네요 ");

insert into nmj_spacelist 
(space_type) values ("좌석"),("노래방"), ("당구대"), ("볼링 레일"), ("테이블"), ("방");

insert into nmj_review 
(mb_uid , store_uid , review_rate , review_content, review_viewCount)
values 
(66, 0, 0, "코로나", 40),
(67, 0, 0, "19", 30),
(68, 0, 0, "심각단계", 20),
(69, 0, 0, "어쩌지?", 10),
(70, 0, 0, "동해물과 백두산이 마르고 닳도록 하느님이 보우하사 우리나라만세 무궁화 삼천리 화려강산 대한 사람 대한으로 길이 보전하세", 5)
;

insert into nmj_reply 
(mb_uid , review_uid , reply_content, reply_level)
values
(2, 1, "오", 0),
(3, 1, "와우", 0),
(4, 1, "대박", 0),
(4, 2, "좋아요", 0),
(5, 2, "짱", 0),
(5, 3, "싫어요", 0),
(6, 3, "굳굳", 0);

insert into nmj_notice 
(notice_subject, notice_content, notice_viewCount )
values
("놀먹자 기본 수칙", "1. 바른말 고운말\n 2. 허위광고&과대광고 금지\n 3. 기범이는 짱이다", 7942);



select * from nmj_spacelist ns ;
select * from nmj_member;
select * from nmj_storedtype;
select * from nmj_store;
select * from nmj_review;
select * from nmj_reply;
select * from nmj_request;
select * from nmj_food;
select * from nmj_notice;

